{"cameraMode":{"drawMode":0,"name":"Shaded","section":"Shading Mode"},"sceneLighting":false,"audioPlay":false,"sceneViewState":{"showFog":true,"showMaterialUpdate":false,"showSkybox":false,"showFlares":true,"showImageEffects":true,"showParticleSystems":true},"in2DMode":false,"pivot":{"x":0.0000019073486328125,"y":0.18412242829799653,"z":-0.05740022659301758},"rotation":{"x":-0.2716074585914612,"y":-0.7016990184783936,"z":0.3366334140300751,"w":-0.5661526322364807},"size":2.04413104057312,"orthographic":false}